{
  "protocol": "held-out 1k (query=caption[1..4], gallery text=caption[0])",
  "gallery_size": 1000,
  "num_queries": 1000,
  "rerank_n": 50,
  "reranker": "BAAI/bge-reranker-v2-m3 (text cross-encoder over captions)",
  "results": {
    "dense": {
      "recall@1": 0.57,
      "recall@1_ci95": 0.030700467075904216,
      "recall@5": 0.821,
      "recall@5_ci95": 0.02377231198720935,
      "recall@10": 0.887,
      "recall@10_ci95": 0.019632443618725674,
      "mrr": 0.684491649855206,
      "mrr_ci95": 0.023736302036417765,
      "ndcg@10": 0.7295710462599083,
      "ndcg@10_ci95": 0.021747540388545074,
      "num_queries": 1000
    },
    "rrf": {
      "recall@1": 0.497,
      "recall@1_ci95": 0.031005269751323766,
      "recall@5": 0.745,
      "recall@5_ci95": 0.02702847569691081,
      "recall@10": 0.796,
      "recall@10_ci95": 0.02498877374368765,
      "mrr": 0.6117201579823138,
      "mrr_ci95": 0.025324405069457424,
      "ndcg@10": 0.6495484144194432,
      "ndcg@10_ci95": 0.02459391782153472,
      "num_queries": 1000
    },
    "dense_rerank": {
      "recall@1": 0.492,
      "recall@1_ci95": 0.0310018588612498,
      "recall@5": 0.824,
      "recall@5_ci95": 0.023615289121251097,
      "recall@10": 0.906,
      "recall@10_ci95": 0.018096781921543837,
      "mrr": 0.6339657034938837,
      "mrr_ci95": 0.023549556780135032,
      "ndcg@10": 0.6962073016446769,
      "ndcg@10_ci95": 0.02092041460534001,
      "num_queries": 1000
    },
    "rrf_rerank": {
      "recall@1": 0.47,
      "recall@1_ci95": 0.030949967051039983,
      "recall@5": 0.805,
      "recall@5_ci95": 0.02456906182170574,
      "recall@10": 0.895,
      "recall@10_ci95": 0.01900988521100892,
      "mrr": 0.6142596416247363,
      "mrr_ci95": 0.023844514621055957,
      "ndcg@10": 0.6785829870046007,
      "ndcg@10_ci95": 0.021314823217896194,
      "num_queries": 1000
    }
  }
}